SubCategory,
FULL STITCHED BLOUSE,#REF!
KURTAS,#REF!
KURTI,#REF!
LEGGINGS,#REF!
PU MOULDED SCHOOL SHOES,#REF!
PETTICOAT,#REF!
SEMI STITCHED BLOUSE,#REF!
SHIRTS,#REF!
SYNTHETIC HAND PASTED SNEAKER,#REF!
SYNTHETIC HAND PASTED SPORTS,#REF!
SYNTHETIC HANDMADE SLIDERS,#REF!
SYNTHETIC HANDMADE SLIPPERS,#REF!
SYNTHETIC MACHINE PASTED SCHOOL SHOES,#REF!
SYNTHETIC PASTED SLIPPER,#REF!
TEST KURTI,#REF!
UNSTITCHED BLOUSE,#REF!
BRA,#REF!
BRIEFS,#REF!
CAPS & HATS,#REF!
DHOTI / LUNGI,#REF!
DRESSES & GOWNS,#REF!
DUPATTA,#REF!
ETHNIC BOTTOM,#REF!
EVA FULL MOULDED SANDALS,#REF!
EVA FULL MOULDED SHOES,#REF!
EVA FULL MOULDED SLIPPERS,#REF!
EVA MOULDED SANDALS,#REF!
EVA MOULDED SLIPPERS,#REF!
EVA SANDALS,#REF!
FABRICATION SLIPPERS,#REF!
GLOVES,#REF!
HAWAII SLIPPERS,#REF!
JACKETS,#REF!
JEANS,#REF!
KURTA SET,#REF!
KURTI,#REF!
KURTI WITH BOTTOM,#REF!
KURTI WITH BOTTOM & DUPATTA,#REF!
LEATHER HAND PASTED SNEAKERS,#REF!
LEATHER HAND PASTED SPORTS,#REF!
LEATHER HANDMADE BELLIES,#REF!
LEATHER HANDMADE BOOTS,#REF!
LEATHER HANDMADE FORMAL SHOES,#REF!
LEATHER HANDMADE JUTTIES,#REF!
LEATHER HANDMADE LOAFER SHOES,#REF!
LEATHER HANDMADE SAFETY SHOES,#REF!
LEATHER HANDMADE SANDALS,#REF!
LEATHER HANDMADE SLIPPERS,#REF!
LEATHER MACHINE MADE SAFETY SHOES,#REF!
MACHINE PASTED SNEAKERS,#REF!
MACHINE PASTED SPORTS SHOES,#REF!
MUFFLERS,#REF!
NIGHT GOWN,#REF!
NIGHT SUIT,#REF!
PANTY,#REF!
PHYLON / TPR SANDALS,#REF!
PU MACHINE MADE BOOTS,#REF!
PU MOULDED BELLIES,#REF!
PU MOULDED SANDALS,#REF!
PU MOULDED SLIPPERS,#REF!
PU MOULDED SNEAKERS,#REF!
PU MOULDED SPORTS SHOES,#REF!
PVC FULL MOULDED SANDALS,#REF!
PVC FULL MOULDED SHOES,#REF!
PVC FULL MOULDED SLIPPERS,#REF!
PVC MACHINE MADE BOOTS,#REF!
PVC MOULDED BELLIES,#REF!
PVC MOULDED SANDALS,#REF!
PVC MOULDED SCHOOL SHOES,#REF!
PVC MOULDED SLIPPERS,#REF!
PVC MOULDED SNEAKERS,#REF!
PVC MOULDED SPORTS SHOES,#REF!
READY TO WEAR SAREE,#REF!
SAREE WITH BLOUSE,#REF!
SAREE WITHOUT BLOUSE,#REF!
SHIRTS,#REF!
SHORTS,#REF!
SOCKS,#REF!
SWEATERS,#REF!
SWEATSHIRTS,#REF!
SYNTHETIC HANDMADE BELLIES,#REF!
SYNTHETIC HANDMADE BOOTS,#REF!
SYNTHETIC HANDMADE FORMAL SHOES,#REF!
SYNTHETIC HANDMADE HEEL BELLIES,#REF!
SYNTHETIC HANDMADE HEEL SANDALS,#REF!
SYNTHETIC HANDMADE HEEL SLIPPERS,#REF!
SYNTHETIC HANDMADE JUTTIES,#REF!
SYNTHETIC HANDMADE LOAFER SHOES,#REF!
SYNTHETIC HANDMADE SAFETY SHOES,#REF!
SYNTHETIC HANDMADE SANDALS,#REF!
SYNTHETIC MACHINE MADE SAFETY SHOES,#REF!
T-SHIRTS,#REF!
THERMAL,#REF!
TOP BOTTOM SET,#REF!
TOP-BOTTOM SET,#REF!
TOPS,#REF!
TRACK PANTS,#REF!
TRACK SUITS,#REF!
TROUSERS,#REF!
VESTS,#REF!
